[{"query":"To whom did the Virgin Mary allegedly appear in 1858 in Lourdes France?","context":"Architecturally, the school has a Catholic character. Atop the Main Building's gold dome is a golden statue of the Virgin Mary. Immediately in front of the Main Building and facing it, is a copper statue of Christ with arms upraised with the legend \"Venite Ad Me Omnes\". Next to the Main Building is the Basilica of the Sacred Heart. Immediately behind the basilica is the Grotto, a Marian place of prayer and reflection. It is a replica of the grotto at Lourdes, France where the Virgin Mary reputedly appeared to Saint Bernadette Soubirous in 1858. At the end of the main drive (and in a direct line that connects through 3 statues and the Gold Dome), is a simple, modern stone statue of Mary.","response":"Saint Bernadette Soubirous","Groundednesss_score":1.0},{"query":"Explain about Architecture in 20 words","context":"Architecturally, the school has a Catholic character. Atop the Main Building's gold dome is a golden statue of the Virgin Mary. Immediately in front of the Main Building and facing it, is a copper statue of Christ with arms upraised with the legend \"Venite Ad Me Omnes\". Next to the Main Building is the Basilica of the Sacred Heart. Immediately behind the basilica is the Grotto, a Marian place of prayer and reflection. It is a replica of the grotto at Lourdes, France where the Virgin Mary reputedly appeared to Saint Bernadette Soubirous in 1858. At the end of the main drive (and in a direct line that connects through 3 statues and the Gold Dome), is a simple, modern stone statue of Mary.","response":"Architecture embodies cultural identity, reflecting societys values through design, space, and structures, shaping our built environment harmoniously.","Groundednesss_score":0.0},{"query":"explain about architecture from the below context","context":"Architecturally, the school has a Catholic character. Atop the Main Building's gold dome is a golden statue of the Virgin Mary. Immediately in front of the Main Building and facing it, is a copper statue of Christ with arms upraised with the legend \"Venite Ad Me Omnes\". Next to the Main Building is the Basilica of the Sacred Heart. Immediately behind the basilica is the Grotto, a Marian place of prayer and reflection. It is a replica of the grotto at Lourdes, France where the Virgin Mary reputedly appeared to Saint Bernadette Soubirous in 1858. At the end of the main drive (and in a direct line that connects through 3 statues and the Gold Dome), is a simple, modern stone statue of Mary.","response":"The architecture of the school showcases its Catholic identity through prominent religious symbols, including statues of the Virgin Mary and Christ.","Groundednesss_score":0.5},{"query":"Summarize","context":"Architecturally, the school has a Catholic character. Atop the Main Building's gold dome is a golden statue of the Virgin Mary. Immediately in front of the Main Building and facing it, is a copper statue of Christ with arms upraised with the legend \"Venite Ad Me Omnes\". Next to the Main Building is the Basilica of the Sacred Heart. Immediately behind the basilica is the Grotto, a Marian place of prayer and reflection. It is a replica of the grotto at Lourdes, France where the Virgin Mary reputedly appeared to Saint Bernadette Soubirous in 1858. At the end of the main drive (and in a direct line that connects through 3 statues and the Gold Dome), is a simple, modern stone statue of Mary.","response":"The school is characterized by its architectural features, notably its Catholic identity. This is exemplified by the golden dome of the Main Building, topped with a statue of the Virgin Mary, and a copper statue of Christ with outstretched arms, bearing the inscription \"Venite Ad Me Omnes.\" Adjacent to the Main Building stands the Basilica of the Sacred Heart, and behind it lies the Grotto, a site for Marian devotion modeled after the one in Lourdes, France. The architectural layout also includes a modern stone statue of Mary at the end of the main drive, forming a symbolic connection through various statues and the Gold Dome.","Groundednesss_score":0.7777777778},{"query":"To whom did the Virgin Mary allegedly appear in 1858 in Lourdes France?","context":"Architecturally, the school has a Catholic character. Atop the Main Building's gold dome is a golden statue of the Virgin Mary. Immediately in front of the Main Building and facing it, is a copper statue of Christ with arms upraised with the legend \"Venite Ad Me Omnes\". Next to the Main Building is the Basilica of the Sacred Heart. Immediately behind the basilica is the Grotto, a Marian place of prayer and reflection. It is a replica of the grotto at Lourdes, France where the Virgin Mary reputedly appeared to Saint Bernadette Soubirous in 1858. At the end of the main drive (and in a direct line that connects through 3 statues and the Gold Dome), is a simple, modern stone statue of Mary.","response":"school has a Catholic character","Groundednesss_score":"'Not a valid query' OR 'response is not a factual extraction from context'"},{"query":"To whom did the Virgin Mary allegedly appear in 1858 in Lourdes France?","context":"Architecturally, the school has a Catholic character. Atop the Main Building's gold dome is a golden statue of the Virgin Mary. Immediately in front of the Main Building and facing it, is a copper statue of Christ with arms upraised with the legend \"Venite Ad Me Omnes\". Next to the Main Building is the Basilica of the Sacred Heart. Immediately behind the basilica is the Grotto, a Marian place of prayer and reflection. It is a replica of the grotto at Lourdes, France where the Virgin Mary reputedly appeared to Saint Bernadette Soubirous in 1858. At the end of the main drive (and in a direct line that connects through 3 statues and the Gold Dome), is a simple, modern stone statue of Mary.","response":"Venite Ad Me Omnes","Groundednesss_score":"'Not a valid query' OR 'response is not a factual extraction from context'"},{"query":"where did Sachin score is 20th century","context":"Architecturally, the school has a Catholic character. Atop the Main Building's gold dome is a golden statue of the Virgin Mary. Immediately in front of the Main Building and facing it, is a copper statue of Christ with arms upraised with the legend \"Venite Ad Me Omnes\". Next to the Main Building is the Basilica of the Sacred Heart. Immediately behind the basilica is the Grotto, a Marian place of prayer and reflection. It is a replica of the grotto at Lourdes, France where the Virgin Mary reputedly appeared to Saint Bernadette Soubirous in 1858. At the end of the main drive (and in a direct line that connects through 3 statues and the Gold Dome), is a simple, modern stone statue of Mary.","response":"The context provided does not contain information about Sachin Tendulkar or his cricket career. Therefore, there is no mention of where Sachin scored in the 20th century.","Groundednesss_score":"'Not a valid query' OR 'response is not a factual extraction from context'"},{"query":"what is your companies total employee strength?","context":"Application Migration: We will be leveraging the Migration Adoption framework provided by the Cloud vendor with the Mphasis accelerator utilizing the blue prints Run with Continuous Optimization: Mphasis follows an 'Enable-Eliminate-Optimize-Transform' framework to enable faster value realization, reduced MTTR & TTM, increased application availability and reduced TCO. Mphasis will deploy its proprietary NextSTEP platform to: - Integrate Automation and Cognitive into service delivery - Leverage reusable frameworks and delivery accelerators for quicker and more productive service delivery - Integrate Toolchain into service delivery to bring significant cycle-time and wait-time reduction. Few of the accelerators are listed here and in addition please refer to slide attached 1. Microservices Composer: Accelerate Microservice Development \u2013 enabling a framework-based approach 2. UI Accelerator: Validator Code generator tool to accelerate front end development for generating domain specific validations 3. Platform Adoption Framework : Framework for cloud native platform adoption, codified from best practices across various experiences 4. Container Migration Utility: Perform containerization assessment & Lower environment automation utility 5. Architecture Scaffoldings: Pre-built architecture scaffoldings for event driven hyperscale, cloud native systems 6. Optimize. Ai: Process Diagnostics tool 7. Autocode.Ai: Auto code generation based on UI- using AI 8. DevOps Analyzer: Multi-Level DevOps dashboard enabling leaders at various levels to determine Next best DevOps action 9. Octopus Oneclick Deploy: Single Dashboard for release management 10. SRE Accelerator: RED USE method and Metrics 11. Security As A Code: Introducing Security in to DevOps 12. Mstf: Testing framework for microservices testing in simple 3 step way 13. Cognitive Twin (Developer): AI powered collaborator for Developer productivity 14. Mdgen: Test Data generation and data masking 15. M-ddt: Identification and management of PII Data 16. A_tdd: ATDD - acceptance test driven framework component 17. SQL Server migration assistant , Azure Migrate are the Microsoft provided tools for SQL migration to cloud and Azure cloud app assessments respectively)","response":"Mphasis has several accelerators that can be used to optimize and transform service delivery, including those for application migration and continuous optimization. In terms of Salesforce accelerators specifically, Mphasis offers the following: - Salesforce Automation Accelerator: This accelerator helps automate Salesforce processes and workflows, reducing manual effort and increasing efficiency. - Salesforce Integration Accelerator: This accelerator helps integrate Salesforce with other systems and applications, enabling seamless data flow and reducing errors. - Salesforce Testing Accelerator: This accelerator helps automate testing for Salesforce applications, reducing testing time and increasing accuracy.","Groundednesss_score":"'Not a valid query' OR 'response is not a factual extraction from context'"}]